ID,FIRSTNAME,LASTNAME,DOB,EMAIL,GENDER,MEMBERSHIPTYPE,REGISTRATIONDATE,PASSWORD,STATUS
1,M1,m,1/1/2003,m1@m1.com,Male,Basic Membership,1/1/2023,111,Active
2,M2,m,1/2/2003,m2@m1.com,Female,Premium Membership,1/2/2023,112,Active
3,M3,m,1/3/2003,m3@m1.com,Male,Standard Membership,1/3/2023,113,Active
4,M4,m,1/4/2003,m4@m1.com,Female,Basic Membership,1/4/2023,114,Active
5,M5,m,1/5/2003,m5@m1.com,Male,Premium Membership,1/5/2023,115,Active
6,M6,m,1/6/2003,m6@m1.com,Female,Standard Membership,1/6/2023,116,Active
7,M7,m,1/7/2003,m7@m1.com,Male,Basic Membership,1/7/2023,117,Active
8,M8,m,1/8/2003,m8@m1.com,Female,Premium Membership,1/8/2023,118,Active
9,M9,m,1/9/2003,m9@m1.com,Male,Standard Membership,1/9/2023,119,Active
10,M10,m,1/10/2003,m10@m1.com,Female,Basic Membership,1/10/2023,120,Active
11,M11,m,1/11/2003,m11@m1.com,Male,Premium Membership,1/11/2023,121,Active
12,M12,m,1/12/2003,m12@m1.com,Female,Standard Membership,1/12/2023,122,Active
13,M13,m,1/13/2003,m13@m1.com,Male,Basic Membership,1/13/2023,123,Active
14,M14,m,1/14/2003,m14@m1.com,Female,Premium Membership,1/14/2023,124,Active
15,M15,m,1/15/2003,m15@m1.com,Male,Standard Membership,1/15/2023,125,Active
16,M16,m,1/16/2003,m16@m1.com,Female,Basic Membership,1/16/2023,126,Active
17,M17,m,1/17/2003,m17@m1.com,Male,Premium Membership,1/17/2023,127,Active
18,M18,m,1/18/2003,m18@m1.com,Female,Standard Membership,1/18/2023,128,Active
19,M19,m,1/19/2003,m19@m1.com,Male,Basic Membership,1/19/2023,129,Active
20,M20,m,1/20/2003,m20@m1.com,Female,Premium Membership,1/20/2023,130,Active
21,M21,m,1/21/2003,m21@m1.com,Male,Standard Membership,1/21/2023,131,Active
22,M22,m,1/22/2003,m22@m1.com,Female,Basic Membership,1/22/2023,132,Active
23,M23,m,1/23/2003,m23@m1.com,Male,Premium Membership,1/23/2023,133,Active
24,M24,m,1/24/2003,m24@m1.com,Female,Standard Membership,1/24/2023,134,Active
25,M25,m,1/25/2003,m25@m1.com,Male,Basic Membership,1/25/2023,135,Active
26,M26,m,1/26/2003,m26@m1.com,Female,Premium Membership,1/26/2023,136,Active
27,M27,m,1/27/2003,m27@m1.com,Male,Standard Membership,1/27/2023,137,Active
28,M28,m,1/28/2003,m28@m1.com,Female,Basic Membership,1/28/2023,138,Active
29,M29,m,1/29/2003,m29@m1.com,Male,Premium Membership,1/29/2023,139,Active
30,M30,m,1/30/2003,m30@m1.com,Female,Standard Membership,1/30/2023,140,Active
31,M31,m,1/31/2003,m31@m1.com,Male,Basic Membership,1/31/2023,141,Active
32,M32,m,2/1/2003,m32@m1.com,Female,Premium Membership,2/1/2023,142,Active
33,M33,m,2/2/2003,m33@m1.com,Male,Standard Membership,2/2/2023,143,Active
34,M34,m,2/3/2003,m34@m1.com,Female,Basic Membership,2/3/2023,144,Active
35,M35,m,2/4/2003,m35@m1.com,Male,Premium Membership,2/4/2023,145,Active
36,M36,m,2/5/2003,m36@m1.com,Female,Standard Membership,2/5/2023,146,Active
37,M37,m,2/6/2003,m37@m1.com,Male,Basic Membership,2/6/2023,147,Active
38,M38,m,2/7/2003,m38@m1.com,Female,Premium Membership,2/7/2023,148,Active
39,M39,m,2/8/2003,m39@m1.com,Male,Standard Membership,2/8/2023,149,Active
40,M40,m,2/9/2003,m40@m1.com,Female,Basic Membership,2/9/2023,150,Active
41,M41,m,2/10/2003,m41@m1.com,Male,Premium Membership,2/10/2023,151,Active
42,M42,m,2/11/2003,m42@m1.com,Female,Standard Membership,2/11/2023,152,Active
43,M43,m,2/12/2003,m43@m1.com,Male,Basic Membership,2/12/2023,153,Active
44,M44,m,2/13/2003,m44@m1.com,Female,Premium Membership,2/13/2023,154,Active
45,M45,m,2/14/2003,m45@m1.com,Male,Standard Membership,2/14/2023,155,Active
46,M46,m,2/15/2003,m46@m1.com,Female,Basic Membership,2/15/2023,156,Active
47,M47,m,2/16/2003,m47@m1.com,Male,Premium Membership,2/16/2023,157,Active
48,M48,m,2/17/2003,m48@m1.com,Female,Standard Membership,2/17/2023,158,Active
49,M49,m,2/18/2003,m49@m1.com,Male,Basic Membership,2/18/2023,159,Active
50,M50,m,2/19/2003,m50@m1.com,Female,Premium Membership,2/19/2023,160,Active
