ID,FIRSTNAME,LASTNAME,DOB,EMAIL,GENDER,PASSWORD,Qualification,Experience,Status,Speciality
1,T1,t,1/1/1980,t1@example.com,Male,111,Certified Fitness Coach,10 years,Active,Weightlifting
2,T2,t,1/2/1980,t2@example.com,Female,112,Certified Fitness Coach,9 years,Active,Cardio
3,T3,t,1/3/1980,t3@example.com,Male,113,Certified Fitness Coach,8 years,Active,Nutrition
4,T4,t,1/4/1980,t4@example.com,Female,114,Certified Fitness Coach,7 years,Active,Yoga
5,T5,t,1/5/1980,t5@example.com,Male,115,Certified Fitness Coach,6 years,Active,Crossfit
6,T6,t,1/6/1980,t6@example.com,Female,116,Certified Fitness Coach,5 years,Active,Aerobics
7,T7,t,1/7/1980,t7@example.com,Male,117,Certified Fitness Coach,4 years,Active,Bodybuilding
8,T8,t,1/8/1980,t8@example.com,Female,118,Certified Fitness Coach,10 years,Active,Pilates
9,T9,t,1/9/1980,t9@example.com,Male,119,Certified Fitness Coach,9 years,Active,Stretching
10,T10,t,1/10/1980,t10@example.com,Female,120,Certified Fitness Coach,8 years,Active,Kickboxing
11,T11,t,1/11/1980,t11@example.com,Male,121,Certified Fitness Coach,7 years,Active,Rehabilitation
12,T12,t,1/12/1980,t12@example.com,Female,122,Certified Fitness Coach,6 years,Active,Strength Training
13,T13,t,1/13/1980,t13@example.com,Male,123,Certified Fitness Coach,5 years,Active,Running
14,T14,t,1/14/1980,t14@example.com,Female,124,Certified Fitness Coach,4 years,Active,Cycling
15,T15,t,1/15/1980,t15@example.com,Male,125,Certified Fitness Coach,3 years,Active,Triathlon Training
16,T16,t,1/16/1980,t16@example.com,Female,126,Certified Fitness Coach,2 years,Active,Zumba
17,T17,t,1/17/1980,t17@example.com,Male,127,Certified Fitness Coach,1 year,Active,HIIT
18,T18,t,1/18/1980,t18@example.com,Female,128,Certified Fitness Coach,10 years,Active,Martial Arts
19,T19,t,1/19/1980,t19@example.com,Male,129,Certified Fitness Coach,9 years,Active,Powerlifting
20,T20,t,1/20/1980,t20@example.com,Female,130,Certified Fitness Coach,8 years,Active,Dance Fitness
21,T21,t,1/21/1980,t21@example.com,Male,131,Certified Fitness Coach,7 years,Active,Swimming Coaching
22,T22,t,1/22/1980,t22@example.com,Female,132,Certified Fitness Coach,6 years,Active,Boxing
23,T23,t,1/23/1980,t23@example.com,Male,133,Certified Fitness Coach,5 years,Active,Gymnastics
24,T24,t,1/24/1980,t24@example.com,Female,134,Certified Fitness Coach,4 years,Active,Wellness Coaching
25,T25,t,1/25/1980,t25@example.com,Male,135,Certified Fitness Coach,3 years,Active,Sport Specific Training
26,T26,t,1/26/1980,t26@example.com,Female,136,Certified Fitness Coach,2 years,Active,Personal Training
27,T27,t,1/27/1980,t27@example.com,Male,137,Certified Fitness Coach,1 year,Active,Senior Fitness
28,T28,t,1/28/1980,t28@example.com,Female,138,Certified Fitness Coach,10 years,Active,Pre/Post Natal Fitness
29,T29,t,1/29/1980,t29@example.com,Male,139,Certified Fitness Coach,9 years,Active,Functional Training
30,T30,t,1/30/1980,t30@example.com,Female,140,Certified Fitness Coach,8 years,Active,Sports Nutrition
31,T31,t,1/31/1980,t31@example.com,Male,141,Certified Fitness Coach,7 years,Active,Obstacle Course Training
32,T32,t,2/1/1980,t32@example.com,Female,142,Certified Fitness Coach,6 years,Active,Kettlebell Training
33,T33,t,2/2/1980,t33@example.com,Male,143,Certified Fitness Coach,5 years,Active,Sports Performance
34,T34,t,2/3/1980,t34@example.com,Female,144,Certified Fitness Coach,4 years,Active,Core Training
35,T35,t,2/4/1980,t35@example.com,Male,145,Certified Fitness Coach,3 years,Active,Resistance Training
36,T36,t,2/5/1980,t36@example.com,Female,146,Certified Fitness Coach,2 years,Active,Mobility Training
37,T37,t,2/6/1980,t37@example.com,Male,147,Certified Fitness Coach,1 year,Active,Aquatic Fitness
38,T38,t,2/7/1980,t38@example.com,Female,148,Certified Fitness Coach,10 years,Active,Spin Classes
39,T39,t,2/8/1980,t39@example.com,Male,149,Certified Fitness Coach,9 years,Active,Barre Classes
40,T40,t,2/9/1980,t40@example.com,Female,150,Certified Fitness Coach,8 years,Active,Parkour
41,T41,t,2/10/1980,t41@example.com,Male,151,Certified Fitness Coach,7 years,Active,Capoeira
42,T42,t,2/11/1980,t42@example.com,Female,152,Certified Fitness Coach,6 years,Active,Mountain Biking
43,T43,t,2/12/1980,t43@example.com,Male,153,Certified Fitness Coach,5 years,Active,Skiing and Snowboarding Coaching
44,T44,t,2/13/1980,t44@example.com,Female,154,Certified Fitness Coach,4 years,Active,Rock Climbing
45,T45,t,2/14/1980,t45@example.com,Male,155,Certified Fitness Coach,3 years,Active,Rollerblading and Skating
46,T46,t,2/15/1980,t46@example.com,Female,156,Certified Fitness Coach,2 years,Active,Surfing Instruction
47,T47,t,2/16/1980,t47@example.com,Male,157,Certified Fitness Coach,1 year,Active,Adventure Racing
48,T48,t,2/17/1980,t48@example.com,Female,158,Certified Fitness Coach,10 years,Active,Motor Sports Coaching
49,T49,t,2/18/1980,t49@example.com,Male,159,Certified Fitness Coach,9 years,Active,Hiking Guide
50,T50,t,2/19/1980,t50@example.com,Female,160,Certified Fitness Coach,8 years,Active,Snowshoeing
